epoch,time,train/giou_loss,train/cls_loss,train/l1_loss,metrics/precision(B),metrics/recall(B),metrics/mAP50(B),metrics/mAP50-95(B),val/giou_loss,val/cls_loss,val/l1_loss,lr/pg0,lr/pg1,lr/pg2
1,35.0015,1.79655,1.06503,1.40959,1e-05,0.00654,0,0,1.61045,0.72499,2.72188,1.92593e-05,1.92593e-05,0.08076
2,64.6358,1.25979,0.68008,0.79619,0.0002,0.06349,0.00032,5e-05,1.6258,0.72808,2.49284,3.91285e-05,3.91285e-05,0.0607799
3,94.0668,1.1297,0.7998,0.68353,0.00021,0.13492,0.00042,7e-05,1.24923,0.91282,1.69449,5.88646e-05,5.88646e-05,0.0407996
4,123.618,1.0323,0.88938,0.56424,0.00239,0.35434,0.00291,0.00046,1.06076,1.29236,1.33917,7.84675e-05,7.84675e-05,0.0208192
5,153.069,0.82899,1.12243,0.44932,0.00226,0.3436,0.00585,0.00106,0.81224,1.72282,0.87885,9.79371e-05,9.79371e-05,0.000838678
6,182.444,0.7426,1.22467,0.37853,0.03144,0.59851,0.0232,0.00724,0.75415,1.85669,0.71809,9.8335e-05,9.8335e-05,9.8335e-05
7,211.417,0.67398,1.31549,0.33859,0.00801,0.69795,0.03587,0.00896,0.74921,1.93546,0.75455,9.8002e-05,9.8002e-05,9.8002e-05
8,240.93,0.64869,1.32943,0.3391,0.66932,0.28758,0.0263,0.00821,0.73171,1.91004,0.81655,9.7669e-05,9.7669e-05,9.7669e-05
9,269.652,0.57857,1.38618,0.29474,0.4447,0.2577,0.04748,0.01904,0.64589,2.06543,0.65968,9.7336e-05,9.7336e-05,9.7336e-05
10,298.82,0.57397,1.39282,0.27097,0.67615,0.18301,0.04808,0.01984,0.63176,2.08708,0.67986,9.7003e-05,9.7003e-05,9.7003e-05
11,328.537,0.5149,1.4017,0.25389,0.67413,0.24837,0.05286,0.02805,0.56978,2.00682,0.56656,9.667e-05,9.667e-05,9.667e-05
12,357.834,0.54181,1.34952,0.27286,0.37356,0.23156,0.06579,0.03539,0.53306,2.00324,0.52918,9.6337e-05,9.6337e-05,9.6337e-05
13,387.254,0.50085,1.34401,0.24042,0.36069,0.28151,0.05572,0.02877,0.57574,1.94389,0.54275,9.6004e-05,9.6004e-05,9.6004e-05
14,416.539,0.48412,1.30523,0.21949,0.0346,0.32637,0.0606,0.03132,0.56461,1.78999,0.5342,9.5671e-05,9.5671e-05,9.5671e-05
15,445.362,0.46522,1.30765,0.21857,0.36726,0.23436,0.05896,0.03189,0.51711,1.71509,0.48696,9.5338e-05,9.5338e-05,9.5338e-05
16,474.035,0.47861,1.31205,0.21859,0.05373,0.30112,0.06712,0.03527,0.51005,1.69305,0.46196,9.5005e-05,9.5005e-05,9.5005e-05
17,502.831,0.44921,1.29227,0.21011,0.38287,0.19514,0.06975,0.0353,0.54798,1.59953,0.51608,9.4672e-05,9.4672e-05,9.4672e-05
18,531.683,0.45273,1.28154,0.21114,0.05403,0.31186,0.07274,0.03909,0.53825,1.6218,0.51462,9.4339e-05,9.4339e-05,9.4339e-05
19,561.312,0.42424,1.30557,0.19747,0.04293,0.37768,0.05716,0.03158,0.51884,1.68837,0.51224,9.4006e-05,9.4006e-05,9.4006e-05
20,590.113,0.39554,1.32767,0.17848,0.04578,0.33707,0.06463,0.02991,0.54186,1.59646,0.51164,9.3673e-05,9.3673e-05,9.3673e-05
21,618.949,0.41051,1.29972,0.18656,0.03888,0.35528,0.07214,0.03738,0.52197,1.62903,0.48021,9.334e-05,9.334e-05,9.334e-05
22,648.023,0.38759,1.29871,0.18526,0.05421,0.35668,0.06342,0.03236,0.551,1.5348,0.51936,9.3007e-05,9.3007e-05,9.3007e-05
23,677.009,0.36603,1.32275,0.16809,0.04105,0.37115,0.0655,0.03655,0.54077,1.51848,0.53999,9.2674e-05,9.2674e-05,9.2674e-05
24,705.85,0.40346,1.29389,0.18176,0.05437,0.41597,0.06746,0.03758,0.50889,1.51665,0.49292,9.2341e-05,9.2341e-05,9.2341e-05
25,734.816,0.3799,1.27643,0.1578,0.05115,0.44566,0.06791,0.03794,0.51238,1.53159,0.47593,9.2008e-05,9.2008e-05,9.2008e-05
26,764.538,0.35832,1.32223,0.15813,0.04431,0.42042,0.0584,0.03299,0.52757,1.52474,0.50477,9.1675e-05,9.1675e-05,9.1675e-05
27,793.714,0.35274,1.26105,0.13955,0.04308,0.49673,0.06131,0.03504,0.52005,1.48968,0.53664,9.1342e-05,9.1342e-05,9.1342e-05
28,822.863,0.35788,1.26811,0.15136,0.04575,0.53361,0.06649,0.03796,0.55361,1.43635,0.53312,9.1009e-05,9.1009e-05,9.1009e-05
29,852.395,0.34716,1.23754,0.14508,0.0513,0.45191,0.06455,0.03472,0.54231,1.43255,0.51888,9.0676e-05,9.0676e-05,9.0676e-05
30,881.28,0.36025,1.24396,0.14934,0.06184,0.41783,0.07992,0.04332,0.51528,1.44178,0.48796,9.0343e-05,9.0343e-05,9.0343e-05
31,910.357,0.3553,1.2258,0.14674,0.06627,0.44678,0.0756,0.04,0.56531,1.42621,0.53869,9.001e-05,9.001e-05,9.001e-05
32,939.197,0.34717,1.18771,0.13622,0.0619,0.51793,0.08821,0.04542,0.58063,1.36688,0.54561,8.9677e-05,8.9677e-05,8.9677e-05
33,968.653,0.35297,1.18822,0.14463,0.05424,0.43091,0.07619,0.03927,0.57631,1.29702,0.5614,8.9344e-05,8.9344e-05,8.9344e-05
34,997.809,0.33845,1.14677,0.14437,0.05792,0.45449,0.09306,0.05152,0.58159,1.60288,0.55186,8.9011e-05,8.9011e-05,8.9011e-05
35,1027.54,0.36819,1.26223,0.15889,0.08255,0.44024,0.09248,0.04098,0.60957,1.17162,0.59634,8.8678e-05,8.8678e-05,8.8678e-05
36,1056.51,0.35054,1.15088,0.14529,0.1283,0.36648,0.13599,0.07211,0.62022,1.19509,0.57937,8.8345e-05,8.8345e-05,8.8345e-05
37,1086.33,0.38498,1.2933,0.16146,0.05472,0.58263,0.08937,0.04692,0.5472,2.08458,0.49665,8.8012e-05,8.8012e-05,8.8012e-05
38,1115.33,0.3414,1.26117,0.14131,0.10184,0.38306,0.10666,0.05819,0.559,1.17966,0.54095,8.7679e-05,8.7679e-05,8.7679e-05
39,1144.37,0.34833,1.10976,0.13889,0.08625,0.49146,0.10543,0.05787,0.60715,1.29068,0.58721,8.7346e-05,8.7346e-05,8.7346e-05
40,1172.95,0.369,1.24717,0.13959,0.08074,0.49944,0.08079,0.04282,0.58494,1.89875,0.61516,8.7013e-05,8.7013e-05,8.7013e-05
41,1201.98,0.34933,1.26473,0.1465,0.13112,0.39309,0.14185,0.07615,0.6379,1.24629,0.61921,8.668e-05,8.668e-05,8.668e-05
42,1231.35,0.33951,1.11209,0.1327,0.13072,0.35011,0.14014,0.07959,0.57348,1.31046,0.5458,8.6347e-05,8.6347e-05,8.6347e-05
43,1260.85,0.323,1.22097,0.13117,0.08834,0.4916,0.10376,0.05224,0.59666,1.50746,0.6083,8.6014e-05,8.6014e-05,8.6014e-05
44,1289.76,0.35527,1.10058,0.13807,0.14106,0.47199,0.18705,0.09706,0.59701,1.17834,0.57839,8.5681e-05,8.5681e-05,8.5681e-05
45,1319.26,0.35334,0.94318,0.13756,0.29296,0.39063,0.30017,0.17596,0.5555,1.19361,0.55292,8.5348e-05,8.5348e-05,8.5348e-05
46,1348.2,0.36459,0.84524,0.15506,0.43024,0.40676,0.38308,0.23088,0.56659,1.25407,0.56726,8.5015e-05,8.5015e-05,8.5015e-05
47,1377.45,0.38032,0.67687,0.15549,0.3863,0.49019,0.42527,0.26424,0.58327,1.09564,0.55909,8.4682e-05,8.4682e-05,8.4682e-05
48,1406.73,0.38218,0.59058,0.15727,0.41354,0.48163,0.44504,0.267,0.62038,0.99482,0.64815,8.4349e-05,8.4349e-05,8.4349e-05
49,1436.48,0.39624,0.5478,0.18147,0.43824,0.54202,0.47019,0.25586,0.64777,0.86619,0.6274,8.4016e-05,8.4016e-05,8.4016e-05
50,1465.2,0.40114,0.53212,0.16497,0.45199,0.53811,0.4897,0.28148,0.6376,0.85415,0.63816,8.3683e-05,8.3683e-05,8.3683e-05
51,1494.47,0.37544,0.53451,0.17005,0.45444,0.56349,0.50369,0.28432,0.6133,0.90298,0.6378,8.335e-05,8.335e-05,8.335e-05
52,1523.85,0.39686,0.51711,0.16122,0.54095,0.56443,0.5105,0.28102,0.62412,0.85777,0.63296,8.3017e-05,8.3017e-05,8.3017e-05
53,1552.71,0.39279,0.52601,0.16302,0.4856,0.57236,0.48966,0.27108,0.63375,0.94776,0.58339,8.2684e-05,8.2684e-05,8.2684e-05
54,1581.23,0.38705,0.52026,0.16986,0.52668,0.62278,0.52981,0.30572,0.64615,0.81823,0.63555,8.2351e-05,8.2351e-05,8.2351e-05
55,1610.8,0.36159,0.50098,0.16587,0.54995,0.57782,0.52247,0.30561,0.67077,0.78576,0.67886,8.2018e-05,8.2018e-05,8.2018e-05
56,1639.36,0.39857,0.49218,0.17443,0.56282,0.59757,0.52037,0.30321,0.66636,0.8339,0.66442,8.1685e-05,8.1685e-05,8.1685e-05
57,1668.21,0.36619,0.48978,0.15951,0.57799,0.61064,0.54696,0.31944,0.62998,0.76975,0.67538,8.1352e-05,8.1352e-05,8.1352e-05
58,1697.29,0.34931,0.4873,0.14621,0.53849,0.61198,0.5617,0.33707,0.62979,0.76369,0.6469,8.1019e-05,8.1019e-05,8.1019e-05
59,1726.05,0.34622,0.4676,0.15206,0.61137,0.66866,0.60034,0.33262,0.61016,0.76931,0.62797,8.0686e-05,8.0686e-05,8.0686e-05
60,1755.11,0.34277,0.49668,0.15322,0.55019,0.66516,0.56049,0.32192,0.62264,0.85158,0.63796,8.0353e-05,8.0353e-05,8.0353e-05
61,1783.99,0.36829,0.47272,0.15837,0.56474,0.65865,0.57778,0.33405,0.6522,0.70664,0.72144,8.002e-05,8.002e-05,8.002e-05
62,1812.86,0.33827,0.45784,0.14238,0.56516,0.62658,0.57451,0.33979,0.62222,0.72307,0.64515,7.9687e-05,7.9687e-05,7.9687e-05
63,1842.43,0.3219,0.46596,0.14067,0.58705,0.69141,0.64204,0.347,0.64651,0.80203,0.65343,7.9354e-05,7.9354e-05,7.9354e-05
64,1871.84,0.3902,0.46208,0.15695,0.56056,0.64379,0.56953,0.3391,0.63403,0.74572,0.62195,7.9021e-05,7.9021e-05,7.9021e-05
65,1900.53,0.32862,0.44145,0.13647,0.55199,0.61345,0.58256,0.33741,0.61333,0.74503,0.64449,7.8688e-05,7.8688e-05,7.8688e-05
66,1929.33,0.33259,0.44989,0.13915,0.56237,0.66106,0.60615,0.33617,0.59841,0.801,0.6225,7.8355e-05,7.8355e-05,7.8355e-05
67,1958.04,0.3503,0.44798,0.15074,0.67902,0.64519,0.62332,0.36126,0.62721,0.77727,0.62954,7.8022e-05,7.8022e-05,7.8022e-05
68,1987.48,0.32911,0.44856,0.14043,0.5883,0.62647,0.58021,0.32534,0.6495,0.82067,0.67176,7.7689e-05,7.7689e-05,7.7689e-05
69,2016.11,0.33264,0.43047,0.13864,0.6278,0.55515,0.56212,0.3345,0.64126,0.74141,0.68618,7.7356e-05,7.7356e-05,7.7356e-05
70,2044.96,0.31161,0.43771,0.13687,0.57745,0.61345,0.57662,0.33669,0.64978,0.71965,0.69264,7.7023e-05,7.7023e-05,7.7023e-05
71,2074.01,0.318,0.43636,0.13872,0.52663,0.61149,0.58136,0.34534,0.62768,0.76543,0.67145,7.669e-05,7.669e-05,7.669e-05
72,2102.72,0.32822,0.43631,0.13583,0.56733,0.5817,0.57564,0.33207,0.65777,0.71155,0.67744,7.6357e-05,7.6357e-05,7.6357e-05
73,2131.65,0.32374,0.43004,0.13883,0.58444,0.62792,0.57774,0.33655,0.64841,0.73438,0.66039,7.6024e-05,7.6024e-05,7.6024e-05
74,2160.8,0.35274,0.42887,0.14834,0.59075,0.65608,0.61378,0.34394,0.63304,0.77109,0.64304,7.5691e-05,7.5691e-05,7.5691e-05
75,2189.59,0.33033,0.42605,0.14013,0.60913,0.62424,0.60934,0.33635,0.66431,0.72724,0.68179,7.5358e-05,7.5358e-05,7.5358e-05
76,2218.67,0.31864,0.43739,0.13768,0.57592,0.65173,0.5883,0.3517,0.62304,0.69585,0.60553,7.5025e-05,7.5025e-05,7.5025e-05
77,2247.71,0.33364,0.40915,0.13868,0.61232,0.66251,0.63059,0.3575,0.6518,0.67192,0.66529,7.4692e-05,7.4692e-05,7.4692e-05
78,2276.17,0.29598,0.40398,0.13211,0.602,0.63382,0.58861,0.34904,0.61516,0.7488,0.62436,7.4359e-05,7.4359e-05,7.4359e-05
79,2305.54,0.30951,0.41227,0.13363,0.59696,0.62689,0.58269,0.33509,0.64659,0.75535,0.67113,7.4026e-05,7.4026e-05,7.4026e-05
80,2334.47,0.30638,0.41842,0.13402,0.58486,0.5685,0.55298,0.31112,0.66556,0.78101,0.69383,7.3693e-05,7.3693e-05,7.3693e-05
81,2363.17,0.29231,0.41278,0.12933,0.60575,0.62022,0.58671,0.32392,0.64758,0.82915,0.66683,7.336e-05,7.336e-05,7.336e-05
82,2392.17,0.31484,0.40355,0.12437,0.60015,0.56723,0.54218,0.31407,0.67014,0.79322,0.71007,7.3027e-05,7.3027e-05,7.3027e-05
83,2421.57,0.30101,0.40762,0.13466,0.58885,0.65262,0.59691,0.35464,0.64192,0.74744,0.66031,7.2694e-05,7.2694e-05,7.2694e-05
84,2450.59,0.31751,0.39956,0.12838,0.6388,0.55207,0.54072,0.32952,0.6163,0.74158,0.63031,7.2361e-05,7.2361e-05,7.2361e-05
85,2480.01,0.29893,0.3826,0.13051,0.6485,0.62278,0.60527,0.34798,0.65983,0.71443,0.68885,7.2028e-05,7.2028e-05,7.2028e-05
86,2509.05,0.31007,0.40049,0.12447,0.63614,0.61489,0.6068,0.34439,0.6543,0.7271,0.68484,7.1695e-05,7.1695e-05,7.1695e-05
87,2537.68,0.29569,0.39201,0.12715,0.66587,0.67554,0.63898,0.34794,0.64282,0.71459,0.65086,7.1362e-05,7.1362e-05,7.1362e-05
88,2566.45,0.27839,0.39112,0.12216,0.66409,0.64708,0.64172,0.36112,0.63702,0.7472,0.65127,7.1029e-05,7.1029e-05,7.1029e-05
89,2595.36,0.30074,0.38545,0.13948,0.69573,0.60906,0.65101,0.36881,0.62599,0.7467,0.66409,7.0696e-05,7.0696e-05,7.0696e-05
90,2624.42,0.27942,0.37145,0.11737,0.61252,0.68069,0.62621,0.34364,0.63981,0.70113,0.64392,7.0363e-05,7.0363e-05,7.0363e-05
91,2653.34,0.29184,0.39453,0.12818,0.6951,0.59897,0.60063,0.33257,0.66991,0.69238,0.64753,7.003e-05,7.003e-05,7.003e-05
92,2682,0.31233,0.38491,0.13179,0.60656,0.56069,0.53847,0.32183,0.62663,0.76533,0.62764,6.9697e-05,6.9697e-05,6.9697e-05
93,2710.52,0.30193,0.39125,0.1272,0.58697,0.63585,0.5681,0.32534,0.63322,0.74064,0.66431,6.9364e-05,6.9364e-05,6.9364e-05
94,2739.21,0.28874,0.37908,0.12426,0.62753,0.63122,0.5799,0.32359,0.66033,0.73148,0.69613,6.9031e-05,6.9031e-05,6.9031e-05
95,2767.98,0.29196,0.37497,0.12223,0.68042,0.60831,0.57737,0.32218,0.66394,0.75877,0.68037,6.8698e-05,6.8698e-05,6.8698e-05
96,2796.52,0.28934,0.36603,0.11964,0.66502,0.58372,0.572,0.32339,0.64553,0.69262,0.69771,6.8365e-05,6.8365e-05,6.8365e-05
97,2825.47,0.29017,0.37857,0.122,0.61346,0.59897,0.56609,0.33599,0.65514,0.7039,0.69389,6.8032e-05,6.8032e-05,6.8032e-05
98,2854.18,0.28734,0.36511,0.11682,0.60444,0.57437,0.54272,0.3244,0.65512,0.7019,0.69968,6.7699e-05,6.7699e-05,6.7699e-05
99,2883.21,0.2724,0.36941,0.11263,0.64564,0.61187,0.65163,0.37018,0.64075,0.70981,0.70655,6.7366e-05,6.7366e-05,6.7366e-05
100,2912.32,0.27118,0.37281,0.11612,0.63728,0.57656,0.5993,0.35087,0.64504,0.6908,0.68682,6.7033e-05,6.7033e-05,6.7033e-05
101,2941,0.27916,0.36231,0.10862,0.68771,0.61625,0.61802,0.35309,0.65681,0.72266,0.66121,6.67e-05,6.67e-05,6.67e-05
102,2969.72,0.28514,0.37557,0.11772,0.63605,0.54482,0.54575,0.32358,0.65258,0.72576,0.63158,6.6367e-05,6.6367e-05,6.6367e-05
103,2998.9,0.29005,0.36485,0.11845,0.58863,0.62589,0.59849,0.36065,0.64452,0.72192,0.64539,6.6034e-05,6.6034e-05,6.6034e-05
104,3027.73,0.27055,0.36159,0.1215,0.67339,0.57003,0.60092,0.3522,0.6568,0.71993,0.67475,6.5701e-05,6.5701e-05,6.5701e-05
105,3056.08,0.27694,0.36143,0.11332,0.74051,0.62445,0.63198,0.36302,0.67643,0.69439,0.70664,6.5368e-05,6.5368e-05,6.5368e-05
106,3085.13,0.27821,0.37723,0.11577,0.6875,0.60037,0.60304,0.35444,0.62665,0.7161,0.65803,6.5035e-05,6.5035e-05,6.5035e-05
107,3113.89,0.26465,0.35859,0.11859,0.60595,0.65623,0.59613,0.34422,0.61274,0.71137,0.66583,6.4702e-05,6.4702e-05,6.4702e-05
108,3142.83,0.26906,0.35772,0.11987,0.62934,0.67694,0.61872,0.36462,0.60472,0.7115,0.63072,6.4369e-05,6.4369e-05,6.4369e-05
109,3171.53,0.28601,0.36634,0.11005,0.56411,0.56209,0.51985,0.31232,0.61943,0.7289,0.65986,6.4036e-05,6.4036e-05,6.4036e-05
110,3200.43,0.27119,0.35693,0.12153,0.72791,0.59569,0.59987,0.35819,0.624,0.72815,0.65608,6.3703e-05,6.3703e-05,6.3703e-05
111,3229.37,0.27487,0.35959,0.11554,0.71699,0.59322,0.61004,0.35579,0.65781,0.77099,0.63896,6.337e-05,6.337e-05,6.337e-05
112,3258.13,0.26712,0.3588,0.11147,0.65484,0.62166,0.59343,0.33754,0.64936,0.73515,0.65813,6.3037e-05,6.3037e-05,6.3037e-05
113,3286.99,0.28157,0.3491,0.11668,0.66115,0.63387,0.58517,0.33965,0.65642,0.68428,0.69347,6.2704e-05,6.2704e-05,6.2704e-05
114,3316.03,0.25265,0.34068,0.10853,0.65559,0.59384,0.5835,0.34014,0.66372,0.69643,0.67535,6.2371e-05,6.2371e-05,6.2371e-05
115,3344.49,0.26466,0.35528,0.10437,0.72518,0.61345,0.62091,0.35825,0.63778,0.71907,0.65372,6.2038e-05,6.2038e-05,6.2038e-05
116,3373.98,0.25799,0.33973,0.10697,0.73494,0.63755,0.60345,0.33837,0.65785,0.64899,0.63403,6.1705e-05,6.1705e-05,6.1705e-05
117,3402.76,0.25534,0.32809,0.10187,0.66072,0.63725,0.61917,0.35347,0.63587,0.65033,0.63487,6.1372e-05,6.1372e-05,6.1372e-05
118,3431.43,0.26132,0.33857,0.10059,0.67156,0.65966,0.62059,0.34953,0.64746,0.66307,0.67608,6.1039e-05,6.1039e-05,6.1039e-05
119,3459.91,0.26233,0.34687,0.10692,0.67511,0.64519,0.59542,0.32895,0.65907,0.67413,0.6546,6.0706e-05,6.0706e-05,6.0706e-05
120,3489.22,0.26212,0.35154,0.11592,0.6988,0.66246,0.61329,0.34913,0.65265,0.66089,0.6705,6.0373e-05,6.0373e-05,6.0373e-05
121,3518,0.25895,0.34854,0.11393,0.63537,0.63893,0.61299,0.35409,0.66546,0.66082,0.65084,6.004e-05,6.004e-05,6.004e-05
122,3546.76,0.26559,0.35596,0.1117,0.66588,0.61284,0.62962,0.36053,0.67575,0.67277,0.69108,5.9707e-05,5.9707e-05,5.9707e-05
123,3575.54,0.25032,0.33505,0.10421,0.81258,0.62286,0.64982,0.36319,0.68563,0.65506,0.69152,5.9374e-05,5.9374e-05,5.9374e-05
124,3604.39,0.2706,0.34792,0.1099,0.64424,0.65593,0.60374,0.34535,0.67386,0.65141,0.65343,5.9041e-05,5.9041e-05,5.9041e-05
125,3632.85,0.28274,0.35706,0.11522,0.61038,0.62455,0.58334,0.33273,0.67747,0.70037,0.68093,5.8708e-05,5.8708e-05,5.8708e-05
126,3661.67,0.25433,0.34486,0.10294,0.74656,0.59367,0.59675,0.33421,0.7091,0.66816,0.70561,5.8375e-05,5.8375e-05,5.8375e-05
127,3690.62,0.25951,0.35749,0.10861,0.72661,0.60831,0.60483,0.34352,0.70482,0.64133,0.70316,5.8042e-05,5.8042e-05,5.8042e-05
128,3719.43,0.26335,0.33902,0.11067,0.66981,0.64799,0.60565,0.34894,0.6987,0.6294,0.68916,5.7709e-05,5.7709e-05,5.7709e-05
129,3748.39,0.26105,0.34422,0.10624,0.68369,0.65194,0.61242,0.34278,0.69361,0.64146,0.6883,5.7376e-05,5.7376e-05,5.7376e-05
130,3777.08,0.23993,0.33656,0.10076,0.72603,0.61043,0.61483,0.3643,0.68162,0.64694,0.6407,5.7043e-05,5.7043e-05,5.7043e-05
131,3805.97,0.25055,0.33818,0.10696,0.65191,0.69148,0.64308,0.37804,0.66109,0.64583,0.64963,5.671e-05,5.671e-05,5.671e-05
132,3835.56,0.24605,0.33868,0.10415,0.66222,0.69416,0.62519,0.36148,0.6612,0.62184,0.66302,5.6377e-05,5.6377e-05,5.6377e-05
133,3864.33,0.24192,0.32726,0.10562,0.70249,0.66478,0.64827,0.37393,0.67075,0.62494,0.66233,5.6044e-05,5.6044e-05,5.6044e-05
134,3893.21,0.23713,0.3256,0.09762,0.72002,0.60881,0.62126,0.36359,0.66907,0.63377,0.66238,5.5711e-05,5.5711e-05,5.5711e-05
135,3922.14,0.25332,0.32908,0.10052,0.74787,0.62125,0.64371,0.36918,0.66714,0.64161,0.66638,5.5378e-05,5.5378e-05,5.5378e-05
136,3951.03,0.23971,0.32769,0.10324,0.71677,0.62037,0.61295,0.35571,0.66155,0.65823,0.6535,5.5045e-05,5.5045e-05,5.5045e-05
137,3979.38,0.25704,0.32799,0.11465,0.72503,0.61445,0.62084,0.35518,0.67835,0.65835,0.67093,5.4712e-05,5.4712e-05,5.4712e-05
138,4008.2,0.24348,0.32589,0.09896,0.62092,0.62138,0.60591,0.35083,0.66569,0.61952,0.72016,5.4379e-05,5.4379e-05,5.4379e-05
139,4036.86,0.2258,0.31681,0.09073,0.69132,0.63636,0.63695,0.36388,0.67723,0.61094,0.70119,5.4046e-05,5.4046e-05,5.4046e-05
140,4065.38,0.24416,0.32692,0.10336,0.71121,0.64176,0.61064,0.36072,0.65606,0.62234,0.68157,5.3713e-05,5.3713e-05,5.3713e-05
141,4094.7,0.23274,0.32648,0.09545,0.72957,0.65009,0.63469,0.35873,0.67361,0.63391,0.69936,5.338e-05,5.338e-05,5.338e-05
142,4123.56,0.24188,0.32998,0.0969,0.66209,0.58056,0.5895,0.34818,0.66085,0.66272,0.65935,5.3047e-05,5.3047e-05,5.3047e-05
143,4152.41,0.23098,0.32131,0.10462,0.65389,0.62558,0.5974,0.34197,0.66267,0.70418,0.64777,5.2714e-05,5.2714e-05,5.2714e-05
144,4181.16,0.23462,0.32751,0.09771,0.69666,0.60971,0.59909,0.35064,0.65497,0.6767,0.6291,5.2381e-05,5.2381e-05,5.2381e-05
145,4209.49,0.23102,0.3244,0.10995,0.6865,0.61127,0.6257,0.36237,0.67673,0.63673,0.65705,5.2048e-05,5.2048e-05,5.2048e-05
146,4238.21,0.24372,0.32272,0.0992,0.70137,0.61806,0.62515,0.36825,0.67416,0.6431,0.6577,5.1715e-05,5.1715e-05,5.1715e-05
147,4266.88,0.25226,0.32874,0.10481,0.6405,0.64693,0.61512,0.36009,0.65949,0.67768,0.65149,5.1382e-05,5.1382e-05,5.1382e-05
148,4295.85,0.2338,0.32794,0.1012,0.68271,0.64893,0.6005,0.34837,0.67308,0.67158,0.66834,5.1049e-05,5.1049e-05,5.1049e-05
149,4324.5,0.23136,0.31706,0.09959,0.68337,0.62045,0.62312,0.3591,0.69507,0.62835,0.70155,5.0716e-05,5.0716e-05,5.0716e-05
150,4353.21,0.21298,0.30547,0.09198,0.70218,0.63473,0.60196,0.35992,0.67914,0.63574,0.66924,5.0383e-05,5.0383e-05,5.0383e-05
151,4381.91,0.22936,0.31364,0.09416,0.69377,0.62726,0.63398,0.37296,0.6718,0.60924,0.70863,5.005e-05,5.005e-05,5.005e-05
152,4410.48,0.22341,0.31961,0.08901,0.69864,0.63492,0.63238,0.37016,0.6863,0.60336,0.70259,4.9717e-05,4.9717e-05,4.9717e-05
153,4439.7,0.22898,0.30055,0.09509,0.70265,0.63492,0.60847,0.35652,0.68072,0.59734,0.66103,4.9384e-05,4.9384e-05,4.9384e-05
154,4468.58,0.23648,0.3177,0.0987,0.73232,0.6358,0.62078,0.35479,0.67645,0.60901,0.68231,4.9051e-05,4.9051e-05,4.9051e-05
155,4497.33,0.23305,0.31195,0.09528,0.70843,0.59384,0.6095,0.34855,0.70219,0.62384,0.72378,4.8718e-05,4.8718e-05,4.8718e-05
156,4526.02,0.22943,0.31223,0.09245,0.65211,0.6129,0.59068,0.33874,0.70071,0.63306,0.70896,4.8385e-05,4.8385e-05,4.8385e-05
157,4555.06,0.22311,0.31281,0.09477,0.68405,0.5817,0.58059,0.33036,0.67018,0.64893,0.65792,4.8052e-05,4.8052e-05,4.8052e-05
158,4583.63,0.23278,0.31209,0.10096,0.69901,0.62832,0.63317,0.35549,0.66398,0.62465,0.67722,4.7719e-05,4.7719e-05,4.7719e-05
159,4612.45,0.22947,0.30952,0.0889,0.77174,0.57737,0.61626,0.35564,0.67833,0.61431,0.70264,4.7386e-05,4.7386e-05,4.7386e-05
160,4641.28,0.23349,0.31669,0.09472,0.6561,0.66084,0.62945,0.347,0.68357,0.6575,0.71891,4.7053e-05,4.7053e-05,4.7053e-05
161,4669.71,0.23128,0.32049,0.09232,0.62187,0.60177,0.56619,0.31381,0.66192,0.69525,0.69083,4.672e-05,4.672e-05,4.672e-05
162,4698.29,0.22269,0.31172,0.08764,0.76626,0.676,0.65889,0.35492,0.68106,0.63604,0.72318,4.6387e-05,4.6387e-05,4.6387e-05
163,4727.13,0.23474,0.32882,0.10119,0.79433,0.64859,0.66217,0.37469,0.67358,0.58019,0.71447,4.6054e-05,4.6054e-05,4.6054e-05
164,4755.58,0.22783,0.30539,0.09705,0.82263,0.60559,0.63255,0.35966,0.65823,0.66913,0.69076,4.5721e-05,4.5721e-05,4.5721e-05
165,4784.26,0.21775,0.3053,0.08213,0.82128,0.60985,0.64676,0.36892,0.67605,0.69786,0.69663,4.5388e-05,4.5388e-05,4.5388e-05
166,4813.19,0.22784,0.31761,0.09331,0.8223,0.55392,0.59422,0.33819,0.69538,0.68557,0.70657,4.5055e-05,4.5055e-05,4.5055e-05
167,4841.94,0.23276,0.31532,0.09559,0.7139,0.6238,0.61443,0.35288,0.66743,0.6676,0.68194,4.4722e-05,4.4722e-05,4.4722e-05
168,4871.06,0.21486,0.30183,0.08797,0.75443,0.60436,0.6095,0.34262,0.65067,0.67236,0.65752,4.4389e-05,4.4389e-05,4.4389e-05
169,4899.69,0.22798,0.307,0.09361,0.74868,0.62129,0.61173,0.3472,0.66208,0.67185,0.68635,4.4056e-05,4.4056e-05,4.4056e-05
170,4928.12,0.24697,0.30451,0.10619,0.74193,0.63212,0.63397,0.35198,0.70998,0.63336,0.74511,4.3723e-05,4.3723e-05,4.3723e-05
171,4956.9,0.21887,0.29916,0.09196,0.72744,0.64146,0.62837,0.34458,0.67937,0.63259,0.6974,4.339e-05,4.339e-05,4.339e-05
172,4985.61,0.22503,0.29744,0.08943,0.70302,0.63352,0.62793,0.33311,0.68608,0.64223,0.70991,4.3057e-05,4.3057e-05,4.3057e-05
173,5014.07,0.22471,0.31056,0.09092,0.73866,0.61111,0.62997,0.3461,0.66593,0.66659,0.66215,4.2724e-05,4.2724e-05,4.2724e-05
174,5042.78,0.2132,0.30006,0.08146,0.73706,0.5859,0.59295,0.32821,0.66391,0.69511,0.65715,4.2391e-05,4.2391e-05,4.2391e-05
175,5071.65,0.23108,0.30643,0.09924,0.77255,0.58723,0.6231,0.35085,0.67058,0.67118,0.71137,4.2058e-05,4.2058e-05,4.2058e-05
176,5100.65,0.21978,0.29835,0.09525,0.72623,0.64286,0.64555,0.36215,0.6755,0.6222,0.69471,4.1725e-05,4.1725e-05,4.1725e-05
177,5129.21,0.2179,0.30285,0.09074,0.76275,0.62698,0.63387,0.35889,0.68052,0.60566,0.70446,4.1392e-05,4.1392e-05,4.1392e-05
178,5157.95,0.23728,0.30902,0.10042,0.77454,0.64637,0.64445,0.37005,0.67494,0.61702,0.68976,4.1059e-05,4.1059e-05,4.1059e-05
179,5187.11,0.22865,0.30815,0.08968,0.77634,0.6582,0.64404,0.37666,0.65809,0.62646,0.68167,4.0726e-05,4.0726e-05,4.0726e-05
180,5215.87,0.21266,0.29288,0.0864,0.73712,0.65338,0.62083,0.34981,0.69042,0.61299,0.71645,4.0393e-05,4.0393e-05,4.0393e-05
181,5244.25,0.23577,0.29692,0.08539,0.68168,0.669,0.62555,0.35908,0.68365,0.60329,0.70545,4.006e-05,4.006e-05,4.006e-05
